event_day,symbol,strike,expiration,call_put,price,size,size_count,total_size,millionD
171026,AAOI  ,65.000,190118,P,32.62,3,65,195,0.636
171011,AAPL  ,120.000,190118,C,41.14,4,64,256,1.053
171101,AAPL  ,240.000,200117,P,76.78,10,22,220,1.689
171101,AAPL  ,140.000,200117,C,40.01,10,24,240,0.960
171103,AAPL  ,240.000,200117,P,72.32,5,34,170,1.229
171127,AAPL  ,120.000,190118,C,56.25,4,39,156,0.878
171208,AAPL  ,130.000,190118,C,44.39,10,55,550,2.441
171011,ABBV  ,75.000,180119,C,16.80,11,32,352,0.591
171025,AGN   ,340.000,190118,P,159.87,5,23,115,1.838
171222,AGN   ,300.000,190118,P,135.38,5,38,190,2.572
171222,AGN   ,290.000,190118,P,125.23,5,35,175,2.192
171002,AJRD  ,30.000,180216,C,6.58,5,51,255,0.168
171002,AJRD  ,30.000,180216,C,6.56,10,24,240,0.157
171002,AJRD  ,30.000,180216,C,6.66,4,36,144,0.096
171003,AJRD  ,30.000,180216,C,6.30,10,21,210,0.132
171003,AJRD  ,30.000,180216,C,6.21,5,20,100,0.062
171017,AKS   ,5.000,190118,C,1.59,50,43,2150,0.342
171128,AMC   ,15.000,180615,P,3.38,10,29,290,0.098
171023,AMD   ,5.000,200117,C,9.73,20,43,860,0.837
171023,AMD   ,2.000,190118,C,12.21,20,28,560,0.684
171114,AMD   ,13.000,180420,P,2.67,10,31,310,0.083
171127,AMD   ,14.000,180420,P,2.97,15,29,435,0.129
171213,AMD   ,10.000,200117,P,2.45,10,32,320,0.079
171226,AMD   ,13.000,180420,P,2.88,10,22,220,0.063
171025,AMGN  ,240.000,190118,P,66.00,5,73,365,2.409
171207,AMGN  ,220.000,180921,P,46.95,5,34,170,0.798
171106,AMRN  ,4.000,190118,C,1.19,10,20,200,0.024
171219,AMRN  ,3.000,190118,C,1.51,2,81,162,0.024
171227,AMRN  ,3.000,190118,C,1.82,3,34,102,0.019
171229,AMRN  ,3.000,190118,C,1.87,3,43,129,0.024
171010,AMZN  ,700.000,180615,C,301.47,1,114,114,3.437
171019,APRN  ,7.000,200117,C,1.71,10,25,250,0.043
171020,APRN  ,7.000,200117,C,1.72,10,27,270,0.046
171023,APRN  ,7.000,200117,C,1.68,10,34,340,0.057
171026,APRN  ,7.000,200117,C,1.71,10,21,210,0.036
171128,AXDX  ,30.000,180518,P,7.40,5,23,115,0.085
171009,BABA  ,230.000,180615,P,50.87,5,27,135,0.687
171212,BABA  ,150.000,180420,C,30.48,10,34,340,1.036
171213,BABA  ,140.000,200117,C,55.58,1,109,109,0.606
171213,BABA  ,135.000,200117,C,58.74,1,145,145,0.852
171213,BABA  ,135.000,200117,C,58.68,2,56,112,0.657
171226,BAC   ,25.000,190118,C,6.13,50,36,1800,1.103
171002,BBRY  ,10.000,190118,C,2.46,10,48,480,0.118
171023,BGFV  ,12.500,180420,P,5.65,9,30,270,0.152
171019,C     ,100.000,190621,P,28.96,10,70,700,2.027
171026,C     ,90.000,190621,P,19.54,10,27,270,0.528
171107,C     ,95.000,190118,P,23.52,10,30,300,0.705
171201,CAT   ,100.000,190118,C,42.87,10,29,290,1.243
171122,CBL   ,10.000,180316,P,4.32,50,68,3400,1.469
171122,CBL   ,10.000,180316,P,4.36,10,25,250,0.109
171122,CBL   ,10.000,180316,P,4.35,5,40,200,0.087
171122,CBL   ,10.000,180316,P,4.34,3,47,141,0.061
171122,CBL   ,10.000,180316,P,4.34,4,30,120,0.052
171122,CBL   ,10.000,180316,P,4.34,2,57,114,0.049
171106,CHK   ,4.000,190118,P,0.95,10,31,310,0.029
171211,CIT   ,45.000,190118,C,9.10,2,107,214,0.195
171211,CIT   ,42.000,190118,C,11.65,2,66,132,0.154
171106,CRM   ,87.500,180615,C,18.34,20,37,740,1.357
171106,CRM   ,87.500,180615,C,18.39,10,27,270,0.496
171106,CRM   ,87.500,180615,C,18.41,5,23,115,0.212
171018,CSCO  ,47.000,200117,P,14.64,10,79,790,1.156
171109,CTRP  ,40.000,190118,C,9.56,100,39,3900,3.728
171109,CTRP  ,40.000,190118,C,9.56,1,107,107,0.102
171120,CYH   ,3.000,200117,P,1.20,5,20,100,0.012
171116,DDD   ,17.000,190118,P,9.19,10,29,290,0.267
171116,DDD   ,17.000,190118,P,9.18,7,26,182,0.167
171128,DDD   ,17.000,190118,P,8.58,10,27,270,0.232
171129,DDD   ,18.000,180518,P,9.12,15,26,390,0.356
171019,DO    ,20.000,180316,P,5.55,10,24,240,0.133
171101,EGO   ,1.000,180420,C,0.35,4,34,136,0.005
171101,EGO   ,1.000,180420,C,0.35,5,20,100,0.004
171031,ESRX  ,75.000,190118,P,15.13,25,43,1075,1.627
171024,FCAU  ,15.000,190118,C,4.01,10,52,520,0.208
171220,FOSL  ,13.000,190118,P,6.69,10,22,220,0.147
171221,FOSL  ,13.000,190118,P,6.25,10,20,200,0.125
171108,FRTA  ,7.500,180316,C,1.60,10,22,220,0.035
171013,FTR   ,18.000,180518,P,8.20,10,27,270,0.221
171204,FXI   ,55.000,190118,P,11.39,10,33,330,0.376
171219,FXI   ,75.000,200117,P,30.77,10,29,290,0.892
171117,GILD  ,55.000,200117,C,20.67,10,21,210,0.434
171117,GILD  ,55.000,200117,C,20.68,1,137,137,0.283
171117,GILD  ,55.000,200117,C,20.67,2,68,136,0.281
171117,GILD  ,55.000,200117,C,20.69,3,34,102,0.211
171117,GILD  ,55.000,200117,C,20.71,5,20,100,0.207
171208,GME   ,25.000,180720,P,7.09,10,34,340,0.241
171208,GME   ,25.000,180720,P,7.04,7,26,182,0.128
171211,GME   ,25.000,180720,P,7.33,10,52,520,0.381
171211,GME   ,25.000,180720,P,7.30,7,67,469,0.342
171212,GME   ,25.000,180720,P,7.16,7,65,455,0.326
171212,GME   ,25.000,180720,P,7.19,10,28,280,0.201
171218,GME   ,25.000,180720,P,7.44,10,40,400,0.298
171218,GME   ,25.000,180720,P,7.43,7,24,168,0.125
171206,GNC   ,7.500,180316,P,2.87,10,20,200,0.057
171016,GPRO  ,16.000,180420,P,6.89,10,21,210,0.145
171019,GPRO  ,16.000,180420,P,7.07,10,20,200,0.141
171102,GPRO  ,12.000,200117,P,5.18,5,33,165,0.085
171102,GPRO  ,11.000,180420,P,2.75,10,31,310,0.085
171019,HD    ,220.000,190118,P,57.54,1,182,182,1.047
171019,HD    ,220.000,190118,P,57.48,2,65,130,0.747
171025,HD    ,110.000,200117,C,57.59,1,178,178,1.025
171030,HD    ,110.000,200117,C,57.46,1,116,116,0.667
171205,HIMX  ,12.000,190118,P,2.80,5,31,155,0.043
171114,HL    ,5.000,200117,P,1.76,5,33,165,0.029
171226,HLF   ,55.000,180518,C,16.86,5,21,105,0.177
171002,ICPT  ,80.000,180316,P,27.94,1,104,104,0.291
171002,ICPT  ,80.000,180316,P,27.96,2,51,102,0.285
171010,ILG   ,17.000,190118,C,12.21,10,100,1000,1.221
171010,ILG   ,17.000,190118,C,12.20,30,25,750,0.915
171011,ILG   ,20.000,190118,C,9.66,10,29,290,0.280
171214,INFI  ,1.000,180720,C,1.02,5,20,100,0.010
171218,INFI  ,1.000,180720,C,1.01,5,29,145,0.015
171226,INFI  ,1.000,180720,C,1.15,5,20,100,0.011
171023,INTC  ,55.000,200117,P,15.72,10,28,280,0.440
171120,INTC  ,65.000,200117,P,21.05,10,26,260,0.547
171124,INTC  ,60.000,200117,P,16.97,10,39,390,0.662
171004,JCI   ,35.000,190118,C,7.29,1,311,311,0.227
171004,JCI   ,35.000,190118,C,7.26,4,25,100,0.073
171205,JDST  ,62.000,190118,P,25.25,3,61,183,0.462
171207,JDST  ,62.000,190118,P,24.22,3,36,108,0.262
171219,JNUG  ,13.000,180615,C,4.30,10,35,350,0.150
171219,JNUG  ,13.000,180615,C,4.28,7,39,273,0.117
171220,JNUG  ,13.000,180615,C,5.01,20,46,920,0.461
171220,JNUG  ,13.000,180615,P,2.66,10,26,260,0.069
171128,JPM   ,140.000,200117,P,43.08,10,32,320,1.378
171128,JPM   ,130.000,200117,P,34.18,10,27,270,0.923
171214,JPM   ,140.000,200117,P,36.88,10,30,300,1.106
171214,JPM   ,140.000,200117,P,36.99,3,47,141,0.522
171215,JPM   ,140.000,200117,P,36.14,7,44,308,1.113
171215,JPM   ,140.000,200117,P,36.14,3,56,168,0.607
171215,KL    ,17.500,180420,P,4.30,7,31,217,0.093
171130,KR    ,20.000,180420,C,7.10,10,29,290,0.206
171130,KR    ,20.000,180420,C,7.24,4,56,224,0.162
171130,KR    ,20.000,180420,C,7.20,2,104,208,0.150
171130,KR    ,20.000,180420,C,7.26,6,26,156,0.113
171130,KR    ,20.000,180420,C,7.25,1,144,144,0.104
171115,LFGR  ,9.000,180518,P,1.90,15,39,585,0.111
171205,MARA  ,7.500,180316,P,4.70,16,47,752,0.353
171205,MARA  ,7.500,180316,P,4.70,17,22,374,0.176
171212,MARA  ,7.500,180316,P,4.60,30,25,750,0.345
171101,MAT   ,20.000,190118,P,6.62,10,62,620,0.411
171019,MBI   ,12.000,180518,P,5.16,10,49,490,0.253
171024,MBI   ,11.000,180518,P,4.51,10,49,490,0.221
171025,MBI   ,10.000,180518,P,3.77,10,45,450,0.170
171026,MBI   ,9.000,180518,P,3.05,20,44,880,0.269
171026,MBI   ,9.000,180518,P,3.06,10,57,570,0.174
171027,MBI   ,8.000,180518,P,2.19,10,141,1410,0.309
171031,MBI   ,11.000,180518,P,4.31,10,27,270,0.116
171101,MBI   ,11.000,180518,P,4.42,20,22,440,0.195
171101,MBI   ,11.000,180518,P,4.44,10,27,270,0.120
171106,MBI   ,10.000,180518,P,4.26,20,29,580,0.247
171005,MRNS  ,7.500,180119,C,1.99,7,26,182,0.036
171026,MSFT  ,57.500,190118,C,22.26,20,22,440,0.979
171010,MU    ,35.000,180119,C,7.91,1,139,139,0.110
171204,MU    ,37.000,200117,P,7.70,10,28,280,0.216
171204,MU    ,35.000,180420,C,7.69,1,109,109,0.084
171108,MULE  ,20.000,180420,C,4.44,3,38,114,0.051
171108,MULE  ,20.000,180420,C,4.44,4,25,100,0.044
171024,MZOR  ,75.000,180216,P,22.58,5,21,105,0.237
171103,NUGT  ,28.000,190118,C,9.46,5,42,210,0.199
171206,NUGT  ,26.000,190118,C,7.48,1,176,176,0.132
171206,NUGT  ,26.000,190118,C,7.48,2,75,150,0.112
171228,OAS   ,8.000,190118,P,1.63,6,30,180,0.029
171228,OAS   ,8.000,190118,P,1.62,4,32,128,0.021
171228,OAS   ,8.000,190118,P,1.63,1,106,106,0.017
171130,ORCL  ,75.000,190118,P,25.99,10,26,260,0.676
171208,ORCL  ,75.000,190118,P,25.45,10,39,390,0.992
171208,ORCL  ,70.000,180921,P,20.63,10,30,300,0.619
171025,OSTK  ,50.000,180316,P,16.23,5,29,145,0.235
171109,PE    ,22.500,180615,C,5.94,6,34,204,0.121
171128,PNK   ,22.500,180316,C,7.30,10,171,1710,1.249
171129,PNK   ,22.500,180316,C,7.43,10,102,1020,0.758
171129,PNK   ,22.500,180316,C,7.46,8,20,160,0.119
171129,PNK   ,22.500,180316,C,7.42,5,25,125,0.093
171017,QCOM  ,100.000,190118,P,48.48,10,22,220,1.066
171031,QCOM  ,105.000,190118,P,55.15,10,31,310,1.710
171127,QCOM  ,55.000,190118,C,14.29,7,59,413,0.590
171127,QCOM  ,55.000,190118,C,14.19,3,34,102,0.145
171128,QCOM  ,35.000,200117,C,32.96,10,33,330,1.088
171213,QD    ,20.000,180518,P,7.78,10,35,350,0.272
171214,QD    ,22.500,180518,P,10.21,10,33,330,0.337
171121,QQQ   ,215.000,200117,P,59.99,10,79,790,4.740
171121,QQQ   ,210.000,200117,P,55.05,10,24,240,1.321
171212,QQQ   ,129.000,180316,C,27.24,5,22,110,0.300
171212,QQQ   ,126.000,180316,C,30.41,10,38,380,1.155
171212,QQQ   ,115.000,180316,C,40.91,20,32,640,2.618
171212,QQQ   ,114.000,180316,C,42.06,10,45,450,1.893
171212,QQQ   ,114.000,180316,C,42.08,5,30,150,0.631
171212,QQQ   ,105.000,180420,C,50.93,10,27,270,1.375
171031,RACE  ,110.000,200117,C,29.00,2,87,174,0.505
171031,RACE  ,110.000,200117,C,28.75,1,146,146,0.420
171219,RDUS  ,35.000,190118,P,10.56,3,41,123,0.130
171220,RIOT  ,30.000,180615,C,6.38,5,30,150,0.096
171113,ROKU  ,30.000,190118,P,7.52,9,20,180,0.135
171120,ROKU  ,65.000,180420,P,30.74,5,22,110,0.338
171128,ROKU  ,60.000,180420,P,21.52,5,51,255,0.549
171129,ROKU  ,20.000,180420,C,24.88,10,23,230,0.572
171214,ROKU  ,60.000,180420,P,20.39,5,26,130,0.265
171005,RUSL  ,45.000,180316,C,12.15,5,21,105,0.128
171005,RUSL  ,44.000,180316,C,12.71,14,32,448,0.569
171013,RUSL  ,45.000,180316,C,12.95,10,26,260,0.337
171013,RUSL  ,44.000,180316,C,13.32,10,32,320,0.426
171114,RUSL  ,44.000,180316,C,9.73,10,40,400,0.389
171214,SA    ,15.000,190118,P,5.29,10,22,220,0.116
171127,SBUX  ,35.000,200117,C,21.96,5,80,400,0.878
171127,SBUX  ,35.000,200117,C,21.96,1,262,262,0.575
171127,SBUX  ,35.000,200117,C,21.99,2,113,226,0.497
171127,SBUX  ,35.000,200117,C,21.96,10,21,210,0.461
171127,SBUX  ,35.000,200117,C,21.92,4,37,148,0.324
171127,SBUX  ,35.000,200117,C,21.97,3,44,132,0.290
171130,SGYP  ,3.000,190118,C,0.65,11,21,231,0.015
171013,SHLD  ,7.000,180119,P,1.90,10,21,210,0.040
171020,SHLD  ,3.000,190118,C,3.45,20,24,480,0.166
171024,SHLD  ,13.000,180316,P,7.84,10,52,520,0.408
171025,SHLD  ,13.000,180316,P,8.27,10,28,280,0.232
171206,SHLD  ,5.000,200117,P,3.42,5,21,105,0.036
171019,SLB   ,90.000,180316,P,25.33,20,24,480,1.216
171006,SNAP  ,5.000,200117,C,10.17,10,23,230,0.234
171006,SNAP  ,5.000,200117,C,10.20,5,26,130,0.133
171006,SNAP  ,5.000,200117,C,10.18,2,58,116,0.118
171012,SNAP  ,20.000,190118,P,6.55,10,28,280,0.183
171013,SNAP  ,10.000,180119,C,6.61,5,45,225,0.149
171013,SNAP  ,10.000,180119,C,6.63,1,137,137,0.091
171013,SNAP  ,10.000,180119,C,6.62,2,66,132,0.087
171013,SNAP  ,10.000,180119,C,6.62,3,40,120,0.079
171013,SNAP  ,10.000,180119,C,6.57,4,28,112,0.074
171109,SNAP  ,15.000,180420,P,3.75,10,43,430,0.161
171109,SNAP  ,14.000,180420,P,2.96,10,43,430,0.127
171110,SNAP  ,7.000,180420,C,5.58,10,29,290,0.162
171110,SNAP  ,7.000,180420,C,5.55,1,178,178,0.099
171110,SNAP  ,7.000,180420,C,5.60,2,76,152,0.085
171110,SNAP  ,7.000,180420,C,5.58,4,34,136,0.076
171110,SNAP  ,7.000,180420,C,5.57,5,24,120,0.067
171110,SNAP  ,7.000,180420,C,5.60,3,38,114,0.064
171009,SNCR  ,10.000,180316,C,4.47,1,201,201,0.090
171129,SORL  ,10.000,180615,P,4.11,10,25,250,0.103
171229,SPWR  ,7.000,200117,P,2.26,5,23,115,0.026
171010,SPX   ,3500.000,191220,P,914.88,9,36,324,29.642
171002,SPY   ,207.000,180629,C,47.31,10,23,230,1.088
171003,SPY   ,55.000,180119,C,197.62,5,25,125,2.470
171004,SPY   ,45.000,180119,C,208.46,5,56,280,5.837
171212,SPY   ,165.000,181221,C,102.19,10,27,270,2.759
171212,SPY   ,165.000,181221,C,102.19,5,30,150,1.533
171220,SPY   ,230.000,191220,C,49.38,40,30,1200,5.926
171220,SPY   ,200.000,191220,C,73.49,10,47,470,3.454
171122,SQ    ,45.000,190118,C,12.20,5,24,120,0.146
171127,SQ    ,35.000,180316,C,9.49,10,22,220,0.209
171102,THC   ,14.000,180518,P,2.81,15,22,330,0.093
171212,TSLA  ,300.000,190118,C,75.90,1,110,110,0.835
171206,TWLO  ,21.000,180420,C,4.44,10,20,200,0.089
171218,TWLO  ,21.000,180420,C,5.45,10,20,200,0.109
171218,TWLO  ,20.000,190118,C,8.20,10,73,730,0.598
171031,UAA   ,20.000,190118,P,7.59,10,93,930,0.706
171031,UAA   ,20.000,190118,P,7.56,2,60,120,0.091
171101,UAA   ,20.000,190118,P,8.68,10,22,220,0.191
171101,UAA   ,17.500,180420,P,5.79,10,21,210,0.122
171102,UAA   ,20.000,190118,P,8.98,10,20,200,0.180
171109,UBNT  ,75.000,180316,P,17.83,4,27,108,0.193
171212,UNG   ,7.000,190118,P,1.87,20,30,600,0.112
171212,UNG   ,7.000,190118,P,1.86,8,32,256,0.048
171212,UNG   ,7.000,190118,P,1.87,5,21,105,0.020
171215,UNG   ,7.000,190118,P,1.90,10,39,390,0.074
171121,UVXY  ,11.000,190118,P,6.40,10,26,260,0.166
171121,UVXY  ,10.000,200117,P,7.33,10,40,400,0.293
171122,UVXY  ,7.000,190118,P,3.42,10,55,550,0.188
171122,UVXY  ,7.000,190118,P,3.38,4,29,116,0.039
171124,UVXY  ,7.000,190118,P,3.49,10,43,430,0.150
171201,UVXY  ,33.000,200117,P,26.83,10,20,200,0.537
171227,UVXY  ,1.000,180615,C,8.97,75,34,2550,2.287
171227,UVXY  ,1.000,180615,C,8.98,10,94,940,0.844
171227,UVXY  ,1.000,180615,C,8.99,9,30,270,0.243
171220,VALE  ,10.000,190118,C,2.70,20,35,700,0.189
171220,VALE  ,10.000,190118,C,2.69,10,22,220,0.059
171127,VIPS  ,7.000,200117,P,1.60,10,21,210,0.034
171204,VIPS  ,7.000,200117,P,1.40,10,20,200,0.028
171017,VIX   ,17.000,180117,P,4.69,5,21,105,0.049
171018,VIX   ,12.000,180117,C,2.50,10,24,240,0.060
171012,VRX   ,12.000,200117,P,3.10,25,23,575,0.178
171013,VRX   ,10.000,200117,P,2.21,50,53,2650,0.586
171117,VRX   ,12.000,180420,C,3.48,6,40,240,0.084
171220,VUZI  ,7.500,180720,P,3.10,10,36,360,0.112
171012,VXX   ,10.000,2180119,P,2.03,5,78,390,0.079
171219,VXX   ,26.000,190118,P,7.64,17,48,816,0.623
171205,XLF   ,24.000,190118,C,4.84,1,145,145,0.070
171206,XNET  ,30.000,180316,P,17.98,5,34,170,0.306
171208,XNET  ,30.000,180316,P,18.55,5,32,160,0.297
171121,YINN  ,30.000,180420,C,9.03,1,132,132,0.119
180226,AABA  ,60.000,180615,C,17.76,10,21,210,0.373
180201,AAPL  ,210.000,200117,P,49.79,5,68,340,1.693
180201,AAPL  ,210.000,200117,P,49.82,10,34,340,1.694
180205,AAPL  ,245.000,180720,P,84.28,10,207,2070,17.446
180205,AAPL  ,245.000,180720,P,84.49,5,34,170,1.436
180213,AAPL  ,200.000,200117,P,43.16,10,28,280,1.208
180213,AAPL  ,200.000,200117,P,43.24,5,44,220,0.951
180302,AEM   ,50.000,180817,P,11.84,10,21,210,0.249
180313,AFL   ,67.500,190118,C,24.94,1,110,110,0.274
180316,AFL   ,67.500,190118,C,23.86,30,27,810,1.933
180319,AFL   ,33.750,190118,C,11.70,22,27,594,0.695
180212,AIG   ,45.000,190118,C,15.58,2,80,160,0.249
180214,AIG   ,45.000,190118,C,14.81,2,55,110,0.163
180308,AIG   ,45.000,190118,C,12.40,10,64,640,0.794
180308,AIG   ,45.000,190118,C,12.34,4,68,272,0.336
180308,AIG   ,45.000,190118,C,12.30,2,116,232,0.285
180308,AIG   ,45.000,190118,C,12.41,1,211,211,0.262
180308,AIG   ,45.000,190118,C,12.31,3,67,201,0.247
180308,AIG   ,45.000,190118,C,12.40,6,33,198,0.246
180308,AIG   ,45.000,190118,C,12.44,8,24,192,0.239
180308,AIG   ,45.000,190118,C,12.29,5,26,130,0.160
180309,AIG   ,45.000,190118,C,12.31,10,23,230,0.283
180313,AIG   ,45.000,190118,C,12.04,1,116,116,0.140
180314,AIG   ,45.000,190118,C,11.62,1,305,305,0.354
180314,AIG   ,45.000,190118,C,11.58,4,30,120,0.139
180314,AIG   ,45.000,190118,C,11.61,5,22,110,0.128
180315,AIG   ,45.000,190118,C,11.31,5,38,190,0.215
180315,AIG   ,45.000,190118,C,11.32,1,133,133,0.151
180315,AIG   ,45.000,190118,C,11.32,2,66,132,0.149
180123,AKS   ,4.000,190118,C,2.75,10,22,220,0.061
180123,AKS   ,4.000,190118,C,2.77,4,41,164,0.045
180123,AKS   ,4.000,190118,C,2.78,2,54,108,0.030
180201,AKS   ,5.000,190118,C,1.20,7,27,189,0.023
180201,AKS   ,5.000,190118,C,1.20,6,31,186,0.022
180201,AKS   ,5.000,190118,C,1.21,5,27,135,0.016
180108,AMC   ,18.000,180615,P,5.34,10,20,200,0.107
180117,AMD   ,10.000,180420,C,2.48,10,94,940,0.233
180117,AMD   ,10.000,180420,C,2.48,4,153,612,0.152
180117,AMD   ,10.000,180420,C,2.49,20,28,560,0.139
180117,AMD   ,10.000,180420,C,2.49,2,261,522,0.130
180117,AMD   ,10.000,180420,C,2.49,8,48,384,0.095
180117,AMD   ,10.000,180420,C,2.47,6,63,378,0.093
180117,AMD   ,10.000,180420,C,2.47,5,51,255,0.063
180117,AMD   ,10.000,180420,C,2.48,1,197,197,0.049
180117,AMD   ,10.000,180420,C,2.48,3,58,174,0.043
180123,AMRN  ,5.500,180921,C,1.19,11,27,297,0.035
180130,AMRN  ,3.000,190118,C,1.86,5,31,155,0.029
180130,AMRN  ,2.000,190118,C,2.39,10,52,520,0.124
180209,AMRN  ,2.000,190118,C,2.18,10,35,350,0.076
180123,AMZN  ,1200.000,190118,C,256.31,1,148,148,3.793
180123,AMZN  ,1000.000,190118,C,397.53,1,149,149,5.923
180124,AMZN  ,1200.000,190118,C,260.51,1,401,401,10.446
180222,AMZN  ,1800.000,190118,P,360.24,1,140,140,5.043
180308,AOBC  ,5.000,200117,C,6.42,10,22,220,0.141
180308,AOBC  ,5.000,200117,C,6.42,5,24,120,0.077
180327,AQXP  ,10.000,181019,P,2.24,1,171,171,0.038
180327,AQXP  ,7.500,181019,P,1.60,1,244,244,0.039
180327,AQXP  ,7.500,181019,P,1.54,2,51,102,0.016
180315,AVEO  ,3.000,200117,C,1.29,5,39,195,0.025
180131,AXP   ,67.500,190118,C,33.50,15,20,300,1.005
180131,AXP   ,67.500,190118,C,33.49,10,22,220,0.737
180202,AXP   ,67.500,190118,C,32.23,25,73,1825,5.882
180206,AXP   ,75.000,190118,C,21.16,24,33,792,1.676
180109,BABA  ,230.000,190118,P,47.00,10,31,310,1.457
180207,BABA  ,180.000,190621,C,37.32,24,25,600,2.239
180207,BABA  ,180.000,190621,C,37.40,21,27,567,2.121
180214,BABA  ,220.000,190118,P,45.99,1,135,135,0.621
180117,BAC   ,25.000,190118,C,7.02,100,21,2100,1.474
180117,BAC   ,25.000,190118,C,6.82,10,20,200,0.136
180130,BAC   ,25.000,190118,C,8.01,2,51,102,0.082
180130,BAC   ,25.000,190118,C,8.01,5,20,100,0.080
180202,BAC   ,25.000,190118,C,8.13,6,24,144,0.117
180202,BAC   ,25.000,190118,C,8.09,3,36,108,0.087
180202,BAC   ,25.000,190118,C,8.11,5,20,100,0.081
180216,BAC   ,27.000,190118,C,6.49,10,24,240,0.156
180301,BAC   ,20.000,190118,C,12.32,125,25,3125,3.849
180312,BAC   ,42.000,190621,P,9.34,10,35,350,0.327
180316,BAC   ,42.000,200117,P,10.25,10,24,240,0.246
180320,BAC   ,40.000,200117,P,8.87,10,207,2070,1.836
180320,BAC   ,40.000,190621,P,8.33,10,22,220,0.183
180327,BAC   ,15.000,190118,C,15.44,25,22,550,0.849
180305,BB    ,10.000,180615,C,2.80,2,73,146,0.041
180305,BB    ,10.000,180615,C,2.80,4,29,116,0.032
180305,BB    ,10.000,180615,C,2.78,1,104,104,0.029
180228,BGFV  ,5.000,180720,C,1.29,10,34,340,0.044
180212,BITA  ,40.000,180720,P,12.92,10,30,300,0.388
180221,BRKB  ,150.000,190118,C,61.37,1,100,100,0.614
180313,BRKB  ,150.000,190118,C,67.99,1,485,485,3.297
180313,BRKB  ,150.000,190118,C,67.75,2,63,126,0.854
180206,BX    ,30.000,200117,C,6.37,5,30,150,0.096
180104,C     ,105.000,200117,P,30.84,10,42,420,1.295
180105,C     ,105.000,200117,P,31.35,10,147,1470,4.608
180105,C     ,55.000,190118,C,21.42,5,28,140,0.300
180111,C     ,105.000,200117,P,30.89,10,56,560,1.730
180111,C     ,95.000,190621,P,21.10,10,29,290,0.612
180201,C     ,100.000,190118,P,22.21,10,44,440,0.977
180226,C     ,100.000,190621,P,23.57,10,43,430,1.014
180228,C     ,100.000,190621,P,24.24,10,35,350,0.849
180302,C     ,95.000,190621,P,23.97,10,30,300,0.719
180320,C     ,95.000,200117,P,23.82,10,26,260,0.619
180329,C     ,85.000,200117,P,19.03,10,55,550,1.046
180312,CELG  ,150.000,190118,P,57.73,10,24,240,1.386
180329,CELG  ,75.000,190118,C,20.07,1,102,102,0.205
180207,CHK   ,4.000,190118,P,1.36,10,60,600,0.082
180207,CHK   ,4.000,190118,P,1.35,20,22,440,0.059
180207,CHK   ,4.000,190118,P,1.35,5,75,375,0.051
180207,CHK   ,4.000,190118,P,1.34,6,39,234,0.031
180207,CHK   ,4.000,190118,P,1.35,4,46,184,0.025
180207,CHK   ,4.000,190118,P,1.35,2,58,116,0.016
180212,CHK   ,2.000,180720,C,1.11,10,32,320,0.035
180212,CHK   ,2.000,180720,C,1.11,4,25,100,0.011
180302,CHK   ,4.000,190118,P,1.43,6,22,132,0.019
180305,CHK   ,3.000,190118,C,0.80,10,26,260,0.021
180316,CHK   ,4.500,190118,P,1.64,32,22,704,0.115
180110,CLDX  ,3.000,180817,P,0.87,1,101,101,0.009
180308,CLMT  ,7.000,190118,C,1.93,10,64,640,0.123
180308,CLMT  ,7.000,190118,C,1.90,8,35,280,0.053
180308,CLMT  ,7.000,190118,C,1.89,4,68,272,0.051
180212,CMG   ,500.000,190118,P,249.70,5,25,125,3.121
180316,COTY  ,16.000,180921,C,3.65,5,30,150,0.055
180111,CRM   ,90.000,190118,C,25.06,20,66,1320,3.308
180112,CRM   ,82.500,190118,C,32.18,20,22,440,1.416
180112,CRM   ,80.000,190118,C,34.35,20,32,640,2.198
180125,CRM   ,90.000,180817,C,25.43,20,58,1160,2.950
180112,CTL   ,15.000,200117,C,3.74,10,26,260,0.097
180125,CYH   ,5.000,190118,P,1.43,10,21,210,0.030
180112,DB    ,15.000,190118,C,4.85,2,134,268,0.130
180112,DB    ,15.000,200117,C,5.90,10,25,250,0.147
180112,DB    ,15.000,200117,C,5.88,2,69,138,0.081
180306,DB    ,15.000,200117,C,3.74,2,118,236,0.088
180321,DBVT  ,17.500,190118,C,7.80,5,20,100,0.078
180201,DDD   ,13.000,180817,P,4.14,10,41,410,0.170
180201,DDD   ,13.000,180817,P,4.11,5,72,360,0.148
180222,DIA   ,95.000,190118,C,155.09,6,20,120,1.861
180117,DIS   ,85.000,190118,C,29.14,1,118,118,0.344
180118,DIS   ,85.000,190118,C,28.71,1,164,164,0.471
180118,DIS   ,85.000,190118,C,28.65,2,67,134,0.384
180111,EDIT  ,15.000,200117,C,19.34,10,23,230,0.445
180308,EDIT  ,25.000,190118,C,20.46,10,20,200,0.409
180102,EDU   ,89.570,181221,C,23.24,1,249,249,0.579
180102,EDU   ,79.570,180420,C,21.11,1,134,134,0.283
180103,EDU   ,89.570,181221,C,25.95,1,295,295,0.766
180103,EDU   ,79.570,180420,C,24.45,1,150,150,0.367
180201,EDU   ,89.570,181221,C,18.06,1,153,153,0.276
180206,ETP   ,16.000,180615,C,3.44,20,24,480,0.165
180122,EWI   ,25.000,180615,C,9.40,5,22,110,0.103
180104,FAZ   ,14.000,200117,P,4.76,5,22,110,0.052
180105,FAZ   ,14.000,200117,P,4.92,10,22,220,0.108
180105,FAZ   ,14.000,200117,P,4.97,3,45,135,0.067
180105,FAZ   ,14.000,200117,P,4.98,5,23,115,0.057
180105,FAZ   ,12.000,200117,P,3.41,4,38,152,0.052
180105,FAZ   ,12.000,200117,P,3.42,5,21,105,0.036
180109,FAZ   ,12.000,200117,P,3.46,3,37,111,0.038
180110,FAZ   ,12.000,200117,P,3.57,3,47,141,0.050
180102,FB    ,150.000,190118,C,41.03,3,39,117,0.480
180103,FB    ,150.000,190118,C,42.75,1,140,140,0.598
180103,FB    ,150.000,190118,C,42.74,4,32,128,0.547
180103,FB    ,150.000,190118,C,42.70,2,57,114,0.487
180104,FB    ,150.000,190118,C,44.01,10,33,330,1.452
180104,FB    ,150.000,190118,C,44.01,2,101,202,0.889
180104,FB    ,150.000,190118,C,44.04,1,185,185,0.815
180104,FB    ,150.000,190118,C,44.00,3,55,165,0.726
180104,FB    ,150.000,190118,C,44.05,6,22,132,0.581
180104,FB    ,150.000,190118,C,44.09,5,22,110,0.485
180104,FB    ,150.000,190118,C,44.10,4,26,104,0.459
180108,FB    ,155.000,190118,C,42.89,10,69,690,2.960
180109,FB    ,150.000,190118,C,46.42,10,20,200,0.928
180118,FB    ,155.000,190118,C,37.11,10,23,230,0.853
180119,FB    ,140.000,180921,C,46.25,4,28,112,0.518
180119,FB    ,140.000,180921,C,46.22,3,35,105,0.485
180119,FB    ,135.000,180921,C,50.59,10,25,250,1.265
180119,FB    ,135.000,180921,C,50.55,5,23,115,0.581
180202,FB    ,300.000,190118,P,109.12,4,29,116,1.266
180205,FB    ,250.000,190118,P,61.86,10,46,460,2.845
180307,FB    ,100.000,190118,C,84.61,6,89,534,4.518
180307,FB    ,100.000,190118,C,84.05,3,96,288,2.421
180307,FB    ,100.000,190118,C,84.37,4,64,256,2.160
180110,FCAU  ,15.000,190118,C,8.33,2,69,138,0.115
180308,FCAU  ,15.000,190118,C,7.50,10,20,200,0.150
180214,FL    ,40.000,180518,C,8.99,2,172,344,0.309
180214,FL    ,40.000,180518,C,8.70,10,31,310,0.270
180214,FL    ,40.000,180518,C,8.99,1,183,183,0.165
180214,FL    ,40.000,180518,C,8.94,6,22,132,0.118
180214,FL    ,40.000,180518,C,9.02,4,32,128,0.116
180201,FOSL  ,8.000,190118,C,2.16,10,21,210,0.045
180226,FTR   ,8.000,200117,C,2.56,5,28,140,0.036
180110,GE    ,15.000,200117,C,5.25,10,33,330,0.173
180119,GE    ,15.000,200117,C,3.56,10,23,230,0.082
180205,GE    ,15.000,200117,C,3.07,10,21,210,0.064
180319,GE    ,25.000,190118,P,10.93,1,104,104,0.114
180319,GE    ,10.000,200117,C,5.07,30,27,810,0.410
180319,GE    ,10.000,200117,C,5.09,10,55,550,0.280
180319,GE    ,10.000,200117,C,5.09,5,36,180,0.092
180320,GE    ,10.000,200117,C,4.77,30,23,690,0.329
180327,GE    ,10.000,200117,C,4.64,25,24,600,0.278
180226,GNC   ,2.500,190118,P,0.60,5,21,105,0.006
180302,GOOG  ,700.000,200117,C,411.60,5,34,170,6.997
180112,GPRO  ,6.000,180720,P,1.22,5,27,135,0.016
180110,HL    ,4.000,190118,C,0.92,10,26,260,0.024
180110,HL    ,4.000,190118,C,0.93,5,25,125,0.012
180111,IBM   ,250.000,190118,P,87.76,10,58,580,5.090
180119,IBM   ,250.000,190118,P,89.91,10,53,530,4.765
180131,IBM   ,230.000,190118,P,68.57,10,94,940,6.446
180131,IBM   ,230.000,190118,P,68.55,5,21,105,0.720
180308,INCY  ,100.000,200117,C,21.56,20,31,620,1.337
180308,INCY  ,100.000,200117,C,21.77,10,40,400,0.871
180308,INCY  ,100.000,200117,C,21.77,5,59,295,0.642
180110,INSY  ,10.000,180817,C,2.11,10,23,230,0.049
180119,INTC  ,65.000,200117,P,21.43,10,26,260,0.557
180315,JDST  ,45.000,190118,C,21.70,10,23,230,0.499
180315,JDST  ,45.000,190118,C,21.58,1,164,164,0.354
180315,JDST  ,45.000,190118,C,21.59,7,21,147,0.317
180315,JDST  ,45.000,190118,C,21.76,5,26,130,0.283
180207,JKS   ,27.000,180921,P,10.28,10,28,280,0.288
180214,JKS   ,20.000,190118,C,4.00,1,110,110,0.044
180302,JKS   ,18.000,190118,C,4.35,1,193,193,0.084
180104,JNUG  ,13.000,180615,C,6.76,20,53,1060,0.717
180119,JUNO  ,100.000,180518,P,31.14,5,28,140,0.436
180322,KMI   ,20.000,200117,P,5.77,5,25,125,0.072
180119,KNDI  ,7.000,190118,C,1.59,10,27,270,0.043
180125,KODK  ,7.500,180720,C,2.37,10,41,410,0.097
180125,KODK  ,7.500,180720,C,2.33,5,24,120,0.028
180207,LABD  ,4.000,200117,P,2.14,1,109,109,0.023
180301,LYG   ,3.000,180720,C,0.86,10,26,260,0.022
180302,LYG   ,3.000,180720,C,0.80,4,36,144,0.012
180116,M     ,18.000,200117,C,9.95,5,20,100,0.099
180223,MARK  ,10.000,180720,P,4.72,7,52,364,0.172
180223,MARK  ,10.000,180720,P,4.72,3,44,132,0.062
180208,MBI   ,10.000,190118,P,4.15,10,32,320,0.133
180209,MITK  ,7.500,180720,C,1.54,10,27,270,0.042
180209,MITK  ,7.500,180720,C,1.61,4,32,128,0.021
180209,MITK  ,7.500,180720,C,1.54,5,25,125,0.019
180111,MOMO  ,20.000,190118,C,9.46,5,21,105,0.099
180201,MSFT  ,80.000,190118,C,18.01,10,24,240,0.432
180206,MU    ,45.000,200117,C,10.57,10,26,260,0.275
180209,MU    ,25.000,190118,C,15.13,5,26,130,0.197
180124,MUX   ,4.000,190118,P,1.80,5,26,130,0.023
180124,MUX   ,3.000,190118,P,1.08,1,301,301,0.033
180125,MUX   ,4.000,190118,P,1.83,25,66,1650,0.302
180125,MUX   ,4.000,190118,P,1.83,10,45,450,0.082
180125,MUX   ,4.000,190118,P,1.85,1,151,151,0.028
180126,MUX   ,4.000,190118,P,1.88,1,118,118,0.022
180216,NTAP  ,55.000,200117,C,11.67,4,36,144,0.168
180216,NTAP  ,55.000,200117,C,11.80,3,34,102,0.120
180305,NUAN  ,14.000,180720,C,3.08,4,58,232,0.071
180305,NUAN  ,14.000,180720,C,3.08,2,89,178,0.055
180305,NUAN  ,14.000,180720,C,3.07,1,107,107,0.033
180306,NVDA  ,225.000,190118,C,46.50,2,75,150,0.697
180313,NVDA  ,225.000,190118,C,50.94,2,61,122,0.621
180314,NVDA  ,225.000,190118,C,49.79,2,51,102,0.508
180329,NVDA  ,200.000,180921,C,44.01,1,257,257,1.131
180214,OMER  ,17.000,190118,P,8.00,20,20,400,0.320
180214,OMER  ,17.000,190118,P,7.68,5,20,100,0.077
180214,OMER  ,12.000,180518,P,2.58,5,55,275,0.071
180109,OSTK  ,90.000,180615,P,23.30,5,28,140,0.326
180316,OSTK  ,70.000,180921,P,29.87,10,61,610,1.822
180316,OSTK  ,70.000,180921,P,29.10,20,26,520,1.513
180316,OSTK  ,70.000,180921,P,29.98,1,147,147,0.441
180316,OSTK  ,70.000,180921,P,29.87,5,21,105,0.314
180116,P     ,5.000,190118,C,1.14,10,21,210,0.024
180116,P     ,5.000,190118,C,1.14,5,23,115,0.013
180305,PBR   ,12.000,180720,C,3.18,2,67,134,0.043
180305,PBR   ,12.000,180720,C,3.18,4,33,132,0.042
180116,PFE   ,20.000,200117,C,16.92,7,36,252,0.426
180308,PRTA  ,40.000,180615,C,9.64,1,237,237,0.228
180308,PRTA  ,40.000,180615,C,9.40,4,28,112,0.105
180207,PYPL  ,62.500,190118,C,18.88,10,25,250,0.472
180223,PYPL  ,60.000,180615,C,19.17,1,113,113,0.217
180313,QCOM  ,55.000,200117,C,11.23,10,25,250,0.281
180307,QD    ,7.500,180817,C,8.30,10,21,210,0.174
180102,QQQ   ,105.000,180420,C,53.24,10,96,960,5.111
180221,QQQ   ,115.000,200117,C,56.58,10,23,230,1.301
180222,QQQ   ,215.000,180615,P,49.17,20,33,660,3.245
180222,QQQ   ,215.000,180615,P,49.19,10,23,230,1.131
180328,QQQ   ,133.000,180921,C,28.71,10,22,220,0.632
180206,RACE  ,110.000,200117,C,33.76,2,77,154,0.520
180302,RACE  ,110.000,200117,C,31.20,2,52,104,0.324
180309,RACE  ,110.000,200117,C,33.73,2,62,124,0.418
180103,RENN  ,12.000,180420,C,2.90,10,21,210,0.061
180103,RENN  ,11.000,180420,C,4.02,10,30,300,0.121
180119,RIOT  ,30.000,180615,P,16.40,10,23,230,0.377
180316,RUSL  ,50.000,180921,C,15.12,4,35,140,0.212
180316,RUSL  ,50.000,180921,C,15.13,2,50,100,0.151
180307,SFIX  ,27.000,180615,P,7.03,10,23,230,0.162
180116,SIRI  ,8.000,180615,P,2.66,10,30,300,0.080
180123,SIRI  ,9.000,180615,P,3.46,10,25,250,0.087
180125,SIRI  ,9.000,180615,P,3.32,10,21,210,0.070
180207,SNAP  ,18.000,190118,C,5.05,5,116,580,0.293
180207,SNAP  ,18.000,190118,C,5.16,6,35,210,0.108
180207,SNAP  ,15.000,190118,C,6.68,5,163,815,0.544
180207,SNAP  ,15.000,190118,C,6.36,6,35,210,0.133
180207,SNAP  ,15.000,190118,C,6.12,10,21,210,0.129
180207,SNAP  ,15.000,190118,C,6.27,4,36,144,0.090
180207,SNAP  ,15.000,190118,C,6.17,2,54,108,0.067
180207,SNAP  ,15.000,190118,C,5.92,3,34,102,0.060
180309,SNAP  ,15.000,190118,C,4.90,10,28,280,0.137
180207,SOGO  ,17.500,180720,P,8.11,10,24,240,0.195
180124,SPWR  ,15.000,190118,P,7.92,10,21,210,0.166
180212,SPXU  ,11.000,200117,P,2.99,10,49,490,0.147
180102,SPY   ,230.000,191220,C,50.33,7,50,350,1.762
180102,SPY   ,230.000,191220,C,50.33,1,120,120,0.604
180102,SPY   ,220.000,191220,C,57.97,7,23,161,0.933
180102,SPY   ,210.000,191220,C,66.04,7,50,350,2.311
180102,SPY   ,210.000,191220,C,66.02,1,102,102,0.673
180105,SPY   ,210.000,180420,C,63.33,10,32,320,2.026
180108,SPY   ,225.000,180420,C,49.67,10,31,310,1.540
180108,SPY   ,214.000,180921,C,62.00,10,27,270,1.674
180108,SPY   ,214.000,180921,C,62.00,5,24,120,0.744
180110,SPY   ,30.000,180615,C,244.23,10,21,210,5.129
180206,SPY   ,220.000,180518,C,47.98,10,32,320,1.535
180308,SQ    ,70.000,180615,P,18.41,5,21,105,0.193
180326,SQQQ  ,20.000,180921,P,4.70,10,20,200,0.094
180207,SVXY  ,15.000,190118,C,3.92,20,23,460,0.180
180209,SVXY  ,15.000,200117,C,4.34,10,23,230,0.100
180228,SWN   ,3.000,180921,C,1.04,10,27,270,0.028
180228,SWN   ,3.000,180921,C,1.04,6,20,120,0.012
180129,TBT   ,31.000,190118,C,6.50,10,20,200,0.130
180212,TEVA  ,17.500,200117,C,5.78,3,48,144,0.083
180206,TTD   ,55.000,190118,P,14.82,10,20,200,0.296
180208,TWTR  ,25.000,190118,C,10.03,10,27,270,0.271
180215,TWTR  ,30.000,200117,C,10.66,10,33,330,0.352
180316,TWTR  ,30.000,180921,C,8.58,2,56,112,0.096
180316,TWTR  ,30.000,180921,C,8.61,1,108,108,0.093
180105,TZA   ,20.000,190118,P,9.29,1,106,106,0.098
180105,TZA   ,16.000,200117,P,6.90,1,120,120,0.083
180316,TZA   ,10.000,190118,C,2.16,10,47,470,0.101
180316,TZA   ,10.000,190118,C,2.16,5,31,155,0.034
180109,UAA   ,27.500,190118,P,13.07,10,22,220,0.287
180118,UAA   ,12.500,200117,P,2.73,10,21,210,0.057
180126,UAA   ,15.000,190118,P,3.19,10,22,220,0.070
180209,UPRO  ,124.000,190118,P,26.49,5,33,165,0.437
180118,UVXY  ,2.000,190118,P,0.59,20,27,540,0.032
180205,UVXY  ,50.000,190118,P,39.39,10,30,300,1.182
180206,UVXY  ,33.000,200117,C,16.71,10,21,210,0.351
180206,UVXY  ,5.000,190118,P,2.38,3,93,279,0.066
180209,UVXY  ,53.000,200117,P,45.48,10,24,240,1.092
180209,UVXY  ,53.000,200117,P,45.50,5,30,150,0.682
180220,UVXY  ,52.000,200117,P,44.33,10,25,250,1.108
180320,UVXY  ,16.000,190118,C,6.55,10,20,200,0.131
180321,UVXY  ,33.000,190118,P,21.60,5,24,120,0.259
180118,VIPS  ,14.000,180518,C,3.07,6,38,228,0.070
180118,VIPS  ,14.000,180518,C,3.06,3,73,219,0.067
180118,VIPS  ,14.000,180518,C,3.07,5,23,115,0.035
180123,VIX   ,17.000,180516,P,4.88,10,21,210,0.103
180108,VIXY  ,20.000,180615,C,5.08,1,118,118,0.060
180327,VRX   ,15.000,200117,P,3.35,10,38,380,0.127
180209,VXX   ,42.000,180615,C,18.81,1,146,146,0.275
180209,VXX   ,42.000,180615,C,18.90,2,57,114,0.215
180209,VXX   ,40.000,180615,C,18.26,1,158,158,0.289
180209,VXX   ,40.000,180615,C,17.96,2,57,114,0.205
180214,VXX   ,42.000,180615,C,9.90,1,110,110,0.109
180111,WEN   ,14.000,180518,C,3.65,5,49,245,0.089
180111,WEN   ,14.000,180518,C,3.70,10,20,200,0.074
180111,WEN   ,14.000,180518,C,3.67,1,187,187,0.069
180103,WFT   ,3.000,200117,P,0.67,10,73,730,0.049
180201,WMT   ,80.000,190118,C,27.37,24,20,480,1.314
180117,XOM   ,130.000,190118,P,43.46,10,20,200,0.869
180206,XOM   ,130.000,190118,P,53.18,10,36,360,1.915
180206,XOM   ,125.000,190118,P,47.93,10,20,200,0.959
180207,XOM   ,130.000,190118,P,52.77,10,22,220,1.161
180207,XONE  ,10.000,180817,P,2.52,1,109,109,0.028
180212,XONE  ,10.000,180817,P,2.58,1,106,106,0.027
180112,YINN  ,30.000,180420,C,11.88,1,102,102,0.121
180129,ZION  ,35.000,190118,C,19.63,2,52,104,0.204
180326,ZION  ,35.000,190118,C,17.97,10,32,320,0.575
180403,AKAO  ,17.500,180921,P,6.31,10,26,260,0.164
180406,BPY   ,22.500,180921,P,4.64,5,30,150,0.070
180406,CBOE  ,80.000,200117,C,37.43,1,101,101,0.378
180405,CTL   ,30.000,200117,P,14.83,10,21,210,0.311
180402,FIT   ,3.000,190118,C,1.88,10,25,250,0.047
180403,LFIN  ,5.000,180921,C,6.37,10,22,220,0.140
180405,QQQ   ,134.000,180928,C,29.98,20,22,440,1.319
180405,QQQ   ,133.000,181221,C,32.12,25,20,500,1.606
180403,TSLA  ,100.000,180921,C,165.08,1,111,111,1.832
180402,UCO   ,19.000,190118,C,8.50,8,21,168,0.143
180403,UVXY  ,1.000,190118,C,19.10,25,22,550,1.051
